username,mu_user_id
$$$,13629
0Ix,5509
"10,000 Jelly Doughnuts",6764
100 Percent Win Rate,14134
1247023985894,1964
420LlamaTown,14870
_17_,13739
a07netfriend,10750
abcdefg21s nr. 1 fan,13393
Abraham DeLacey,9565
Abraxas,6357
Absinthe.,9830
Achromatic,127
Actionguy777,10302
Adonalsium,13141
Adrian,1045
Aeoryi,12072
Aeroyi,12839
Aether and Lumine,9875
Afkane,13636
Agus21,13561
aidan0626,14479
Akane Bus Queen,13564
Akane Shy Queen,13408
Akane Sus Queen,13372
AkaneBBQ,13576
AkaneSQ,11274
Akasuki,11916
Akatsuki,12543
akesi,11722
Alduin,13396
Alette,136
alexa can read us,13331
alexa can you read brad,13329
alexa.,10421
alexanne,9286
Alexanny,11833
Alexis2282AE,13482
alig,12094
Alkaid,13242
Alolan Ninetales,13371
Alolan Vulpix,13335
Alpha 5,12170
alt referred by alexa,13917
alt referred by benneh,13919
Alyssa the Lamb,11885
amialice,15536
Amity,13899
AmogusSus,11018
Amrock,2700
angrysheriff,11497
anji,13987
Ankha,12657
anne.,10360
annika_,12942
annilexa,14410
Anniversary,1288
Anonymous0726,929
Ant-Man~,1666
Antaria,9768
Aoki Lapis,12572
apathy,15589
Apollo,12554
Apostla,14480
AragakiAyase,1420
Arapocalypse,3002
Arctic,9426
Arezu,12588
Argonovice,14864
Arnold,15612
arogame123,10486
Arohcitna,3975
Ascended Alive,12581
asiago8,11591
Aslan,14337
Athena Cykes,8593
Aureal,13967
Australian Cattle,14606
autumnseas,12921
AvatarVecna,5551
awesome5000,1980
AzmineJimmy,14171
Ba3henov,15460
Baby,13384
Badbad,13754
Bamboo,13859
Banana Cat!!,13098
bannika,13763
baudib1,189
baudib2,11372
baudib3,11379
Beck,69
BedwarsPro123,14006
Beedrill,11407
Ben and Luka,14072
ben.,15094
benneh,274
bennehs_adopted_son,12801
Bezzo,9467
"Big Ham, Mafia Goon",12886
Big Political,12637
BigBigMenLover9923Lover99,12494
BigMenLover9923,12164
bigstar,13145
billymills,1172
bingle,11723
binglebongle,13780
BionicRocker,15367
bitch2,13600
bitches,13451
Bitchfemboy,14244
Biyoo,15390
Black Kat,11503
blackberry,12694
BlackDragonSlayer,4420
bladescape,9413
blob,14074
bloodtree,12458
Blue Dragon,14966
Blue Ranger,13645
bluebeary,13374
BMoreElite,13392
bobek,11926
BongWater,9832
boob1,11927
Bookie,15349
bopolis,45
Boquise,1108
Braixen,7721
Breakfast,10639
bremen,14312
brodib1,12352
Brogame123,12269
Broken Vessel,12276
Broncos Country Lets Ride,10899
BrownKow,15660
Bucky~,1645
bumfuzzle28,13924
Buneary,4734
Bunny squared,14227
Butterr,10261
Buzzed Lightyear,10888
bystander,11949
bzz,12545
Cabin_Gray,13986
calliope,12410
calypso.,12230
Calyrex-Shadow,14103
Cam Watanabe,12151
Cam456,13428
camimi,15626
Cape90,9234
Capri Sun,5473
Captain America~,1647
Captain Naked,13592
CaptainPlanet,9266
caramelmachiatto,14927
Carlos,7507
carmenta mimuli,15628
CarnethystPhoenix,12065
Catbi,10707
catboy,13749
catgirl,14054
CatgirlMaple,6361
catnip,12471
CatnodDotGif,9866
cato,12578
Causir,13319
Ceki,8473
Cemeteries,3507
Champ,708
Champ Siggi,12347
Chaos,6005
Chatbot,12524
ChekinNooget,12400
Chelsea,3943
chien-pao,13620
Chili,14018
Chomps,13280
Chris,19
Ciderhead,7651
cinderella,2624
Circe,12796
Claraawoo,14714
clarameow,13981
clawmark,15623
Clippy,12371
Clockwerk,14114
Clouds,9521
CM Prada,12559
cmitc1,3656
Cobalt,240
codeisme,14108
colajack,13089
colon three,12996
Combee,14073
Cookie,12626
CoolGuy,14887
cowsloveSushirolls,9698
CrabbyJade,13802
CRAIG ELO,13901
CreamyKittyy,13347
Creature,3979
Creme,11628
Cress,13896
CrimsonFox,588
Cryowinter,12762
cupcake,13069
CuteKittie,8813
CutenessOverload,12318
Cuthalion,218
Cypher,15290
D3x,9648
Daddy,13630
Dagger 1,14351
Dagger 2,14352
Dagger 3,14353
Dahkah,11764
daisukenowaifuke,12873
Dale,10496
dallsbeep,10560
Dandelion,11634
Dangerhaz,10410
DangerousIcy,13459
DANKEY KANG,11878
Dark Forces,9945
DarkB,10667
Darker,11785
Dartan,13542
Decoy Duck,10791
DeFRaG,14069
Deidara,12974
deine mudda,11677
DelibirdSQ,12885
Dels,2452
Delta,10796
demo,13043
DemonTurtle,408
dev,7670
DevilsBrigade,13022
Diana,11850
didistetter,11484
digitaldude,1072
diglet,14438
diglett19283,10615
DimensionDoors,15306
Dimentio,12774
Diplomacy Dinguses,12070
Disaster,11871
DiSoRiEnTeD,9012
Disquieted,9700
divorce,12382
DkKoba,7605
Doctor Strange~,1648
DoctorZeus,8798
Documentarian,13324
Dog,13442
dogboy,14052
DogboyCinnamon,13158
doggy,10427
Dolby,1160
Donut Boy,10277
Donut Frostboy,14694
dPJokL,12967
Dr3,13923
Dragon Rider,12406
Dragonair,15405
DrakeMarshall,12732
Drax the Destroyer~,1648
drpepperfusion_91027,12701
ducklett,9775
Duckt,10751
ducktacoswag,9111
DUKE!,10758
duke_of_wedgewood,13029
dumbo,13922
dyachei,740
Dyslexicon,193
eaves,13603
Echo Sonaris,14330
Eel the Eels,13655
eeping,14970
eepy,12335
Egg Bois,13437
Eichenprozessionsspinner,12985
Elektrokabel,14747
elin,13970
Elincia,14892
ElizaThePsycho,8329
Elvira,11008
Empoof,1549
EnbyFrogTapioca,13246
Ephemera,7700
Eskcanta,12603
Espeon,13398
ethel,15499
Eugene H. Krabs,4512
Eurydice,15340
evakyoo,7712
EvilContract,11096
Ex Lion Tamer,11951
Extreme Ways,11969
ezreal,10806
F0rtea,14957
F5.,14759
faithless,11867
Falk,14165
False Knight,12280
Fang,12622
Fangrir,15001
Farfetchd,12497
Fearless,12727
feathertail,13947
Femboy Delight,13895
FerretFemboyNutmeg,13483
Fidough,12926
fireflies,12544
firefly,12521
fireisredsir,10876
fires,11879
Five-Star Horses,14865
FL4K,10115
FlameFrost,13363
Fleur,7220
Flower,12892
fluffy rabbit,7999
Foxy,14124
Fran_mafia,13559
freaky,12891
freckels,14898
freckles,13969
freddy,14843
Freedom,13445
FreezinIce,12832
Frinckles,7705
Frog on a Leaf,11911
FrostburnPhoenix,10935
FrostFlame,12007
frozen and crying,14940
Fuecoco,11585
funni boi,11344
Funyarinpa,12365
Fury 325,11816
Ga1ahad,11894
gamer,7447
Gamer Dude,21
Gamesolver,13943
Gamora~,1651
Garden Gnome,3922
Garion,1366
Gary,10010
gbsfranca,2447
Gemshine,14055
Gengar,11624
Genie P,14053
geyfrog merchants,15006
gfg,12359
Giga Punch,11815
GigiBlanche,13558
gimbap,15043
GioIzHawt,13932
Gira,8523
GladFord,10718
gloob,12536
glorious,9363
glubglubgabgalag,13397
golden retriever,10943
GoldenOne,12401
Gon,11877
Good Question,9075
gori,12597
Gover,12428
graindstone,14451
Granny,12562
Grant,1076
Great Canyon,12610
Green Prince,14905
Groot~,1643
grr,11396
Guillotina,8193
gwawafruit,15248
Hallia,662
Hammer Bro,14543
Hank Schrader,10604
Happy,9617
happy little accidents,12015
Happymeal,8791
Harmonica,14990
harmonywoods,12187
harold .3,12887
Haru Okumura,9039
hatsu79,13560
Hatsune Miku,13968
Hawkeye~,1642
Hawt Sauce,7380
Haze with a Z,7704
hendrix,13801
Heracross,11777
Heth,10101
High Fidelity,11446
High Fist Telescope,13279
hiii,12973
hiiii,15513
Him,13004
hisami,15208
hiyokosaionji,15636
Homeslice,10266
hoodfavj,12485
Hooper,12186
Hooper 2,12272
how are giraffes real,11240
Hulk~,1663
hunter2,7383
Hunter64,12726
Huohuo,12355
Hydreigon25,8299
Hyena,3530
Hypershock,12930
Hypersock,13759
Hypersomnia,12537
iaafr,1580
iamveryhappy,11703
ICEEEE,10588
IceTea,12502
Ichiinou,11779
icitz,14703
IDWriterComic,12977
ignoramus,7278
iJayx,7954
ile,9269
Illwei,8696
impulse,12960
in 10 for oliwaz,13294
Inawordyes,441
indecisive gamers,13330
Influenze,9589
ingenue,10425
Ingo and Emmet,15464
Inkay,14676
insomnia,6061
InstantAlt1,10641
InstantAlt2,10648
InstantHammer,10119
Intoner,12963
IOnlySayUwU,15531
Iron Jugulis,15407
Iron Valiant,13976
IsraeliAwesome,14467
Jaleb,384
Jan,246
jay23,14002
Jazz Jin,12585
Jazzy Kate,11998
jd_x2r2,12884
jellycat,15470
Jellyjon923,15024
Jen.,15331
jenna,13570
jess,9342
jessica!,14967
jhn,8649
Jinrou,12533
Jkreind,11524
joe,14078
Joe Bruin,10346
JoeBiden,12965
Joey617,12916
JOhn Brown,12535
John Mafia,12532
John Maia,12546
JohnCarter,2388
jonnyd,816
joqiza,8979
Joycat,12442
judge rabbit,11902
julia,9007
Juliette,11351
JustAGuyNamedWill,12317
Justinrs2,9223
JustWill0101,12706
Kaede Akamatsu,3308
Kaenite,14755
Kahze,12923
Kai Chen,12118
Kaif,7012
Kajot,6839
Kakuna,11404
Kanave,9295
Kane,2805
KarikiButterfly,11999
Kasen Ibaraki,15131
Katherine Hillard,12105
katlexa,11870
Katsumoto,12345
katze,7609
Kawaii Cuties,12888
Kazketolii,14706
keke,15596
Kelsey Winslow,12127
ketchup,10691
KhaoticSky,14448
kheirous,11945
Kirby Does TikTok,13291
kirigiri,12579
Kirigiri Kyoko,13337
Kohai,14467
kow,15619
Krispy Kreme,15008
KTthecreeper,7957
kurbo,10272
Kuti plz,10521
La Cavernaria,14636
Lacuna,15430
ladd,1388
Lagavulin,12983
Lana Ranmaru,13409
Lance,13557
LanMisa,4645
Lanturn,13028
Lappland,12671
Lapras,11488
Laserlissa,13002
Lau on speed,15613
Laurentus,6225
lee eht lien,13346
lemon.de,12803
lemon.tangerine,11957
Leper,14832
letty,14946
Leyley,13290
lilypetal,10616
LimeCoke,11115
lin dauna,11746
Lingsha,13826
Lissa,34
Litmatsp,15337
LittEleven,8537
Litten,5132
Loewe,14348
Loki~,1649
lol,5811
loogi,12173
loopy69,12194
Lord Yi,14204
LoreMaster,11307
Lotad,14964
Lucas Kendall,12134
Lucaslakd,11504
Lucchese,13613
Lucky,12615
Lucypher,13521
Lukeh,11457
Lumble the Lucky,14909
Luminara,12690
Luna,11962
Lunya,13484
lute,904
Luzifer,13364
Lwkn,12012
M2H,6379
Macdougall,4284
Mad Cow Disease,12456
Mafia Man,12548
Magical Girl Wolfy Alice,15634
Magoroth,4653
mahirukoizumi,12295
mandy,12978
Manny,10474
Mantichora,778
Maple2026,15102
Marmu,12279
marry,7629
Marshal,6788
matt,10638
matthew the cashew,12473
Matthew.,13758
May,10841
Mediocre Question,11060
Mega Beedrill,11409
melodic,13671
Mentalist,8067
Meowfia,13500
meows,15478
Meowth,9043
Meowtichornya,9520
MerelBlackbird,12163
Merlin,14534
mhsmith0,653
Mia,13966
miawmiaw,13059
Michael22Omega,1560
Michelle,5331
Mighty-Cannon,10972
Mike Corbett,12124
Milxey,12342
mimi,13937
min,8598
minble,13897
minired,2992
minted snow,10626
Mirage,13822
Miriam Hiphopopotamus,11775
Mirphy Fotoparat,15447
Misa Misa,14385
Mischief,550
Mlraka,14159
Mocha Form,14954
Modlog coded,14994
molls,13858
Momiji,12498
Monstrman,185
monte_fanboy,12800
Moo,14511
Moonious,369
moonstermash,9204
Moonwink,9422
moppo,10458
Moze,13836
Mr. Reloaded,12684
Mr. Turtle,8485
MrTimofy,14405
Mulder,13326
Multiverse,3401
Mumen Rider,10564
Muzan,15050
mysoulisjoy,13357
Myzrael,11378
neil the eel,11819
Neiltheeel,12265
neopest,8350
NerdyGirlTaylor,11542
neutralboy,13658
newbomb,12056
newboob,12541
Nick Fury~,1646
nicksuzuki,15540
Nico Hakobyan,13555
Night Vision,12260
Nilus,12264
Nippleman,1464
Noodles,13799
North Polarized,12044
NorthStar,12568
notartzy,12755
NotAWallPoster,12349
NotHydreigon25,14321
null the lull,12162
nutella,5993
Nyan Cat,15503
oatsmaster,7974
Object,8480
odd_turnip,12740
Ogerpon,12294
OGI,12816
Okino,12526
Oliverz144,10666
Oliwaz144,10107
olong,13920
Ominoire,8981
ondine,7168
OOGABOOGAs,13288
Otter23,15386
OUTM,10042
Paarthurnax,13796
PACKWATCH RIP BOZO,10685
pancake,15584
Panda.,13295
Pandaren Brewmaster,10886
Pandoras Actor,11822
Papillon,14602
Parca,14921
parergong,9772
Pawn with a W,8528
PCBVenusaur,12852
Peach Toadstool,14660
Pelipper,12273
Penigloo,14148
Pepsi Blue,13757
PEPSIMAN,13345
PepsiMango,11495
Phighter,745
Phil Coulson~,1661
Phoenix - Arizona,12650
Phone Guy85,15205
Pichu,15409
pigeon,12778
Pikipek,13847
pineapple,13643
pingers,9573
pingu,14956
pinguREFORMED,12961
pinguSLANKED,15512
PKPrincess45,15287
Placeholder Account 12,13129
Placeholder Account 2,13010
polarized kitten,9959
Polterpup,12274
PomPom,14743
Pony,8984
Poochy,12172
Porcelain Doll,11921
Porscha,10629
Porschanny,12206
powerofdeath,532
Prada Terrorism Tactics,4405
predestinedlove,12689
Prescience,14354
Prickly Pear,12023
Prince J,10774
Princess Abigail,11800
PS5_Morgana,11399
Purrito,11376
Questionable Chloe,14626
Quick,309
quim,12204
ragdoll,13261
Raichu,10398
raindrops434,12563
Rambutan,13933
raspberry,13369
RationalTheist,14509
rawr x3 nya uwu,12957
Real Purr,11875
reco_ok,14730
reconRAMPED,14146
reconspartan,12564
Ref-Fire,15381
Ref-Flame,15016
Ref-Rain,13798
Regigigas,13151
Reil the Real Eel,11886
Reksio,13085
Relm,6097
Rem,11078
remember,4187
remove neil the eei,15627
RETRIBUTIONIST,14955
Ribbit,12806
Ricardo,9242
Rice-Stander,14949
RIP turbos,15516
RIS,11604
robdemboys,13760
Robert Lewandowski,13078
Rockbert,12754
Rocket~,1647
Rockruff,13027
Rockruff and Yamper,13432
Ronan the Accuser~,1650
Rosie!,15493
rotomwash,10635
Ruby!,10489
RunRunRudolph,12982
ryanyb,928
Ryast,2431
SabiLand,10568
Sad,13376
Sailboat,15021
SamOverload,12374
SamP4Palmer,7943
SAMURAIONNNA,13663
Sandra53,13672
santa,12190
Santygrass,6206
sax,12937
Scarlet Witch~,1664
SCCHAMP,9227
Schweppes,8834
Scoobs,847
scrambledeggs,12019
Seductive Bowl,12577
Seel,10408
Selkie,11812
Sensei Scumreader,13842
SeriousMafiaPlayer,11485
sevenseas,10582
sex,12770
shacker,14705
Shad,178
Shane Clarke,12146
shane16231628(at)gmail.co,14943
SheepButBad,9932
SheepButGood,10287
sheepsaysmeep,3231
Shinichi,3071
Shinori,4314
Shiny Hydreigon25,14475
Shiny_Dialga25,13925
Shion,13911
Shmu,12970
ShortQueenSlay,12863
Sigilyph,15404
Sigma Klim,10999
Silhouettes,13683
sillygoose,12393
SilverKeith,789
Sisyphus,13219
sixty,13908
SkibidiToiletFan67,14106
Skrimiche,2372
sleepy meows,15230
slop,12842
SlopFlame,14033
Smaug,11958
smee,12642
smoky,14319
snally,11031
Soap,11857
Socom,11365
Son Gohan,13841
sonder,12538
Sonrio,8717
soopimus,11948
Spawn Karthus,4196
Spellblade,12804
Spider-Manny,11956
Spider-Man~,1646
Spiderz,6917
Sponta,13468
spooky,12685
spookycat27,6738
Sprigatito,10306
Sprite,12776
SSJBlueGoku__,12527
Stake,11808
Standard Deviation,13377
Stargate18,13333
stern,15618
Stevedotdec,340
Stick,2728
Stocl,11991
Storm,12753
strawberry,13373
Strawberry_Finch,12765
Sturgeon,11954
Sudden Visitor,12529
sulit,5630
sunbunny,15641
Sunlightdruid,13341
sushi,11895
Suzuna,12630
SweatingCalendar,12552
Sweedish Fish,15497
Syd Drew,12160
Syl,11907
T3RMINATOR,8925
TacomaGlide747,12941
Taffy,10677
Tana,13665
Tanglefire,11575
Tar Soul,13352
Team America,12467
Team QT_MAX,14913
tepig19283,11068
thabystanderwhostalksyou,14197
Thanos~,1644
That_Amnesiac,14104
The Commentator,12300
the destined waifu,14521
The Godfather,12897
The Lukundo,5231
The Penguin,9302
The Tycoon,14195
THE_DUCK_OF_GREAT_BRITAIN,14980
TheBlueCupcake,2941
TheHats,14551
TheJoker,12302
themeeman,9451
thenuke740,10441
TheSIlverScepter,11981
TheTriviality,12197
Thom,11934
Thor~,1665
TigerWoodsPGATour2004,9638
Timuru,6452
Titus,496
Toby,2455
Togepi,12363
Tommy Oliver,12101
TomRiddle,9471
tonystarkprime,2636
Tori Hanson,12147
torquepedoterror,12915
Touko Nanami,14821
Town,566
Town Destroyer,13944
townboy,11941
Toyosatomimi no Miko,14247
Transcend,2829
TrashySockBasket,13325
trinculo,14537
Triss,11356
Trisscar,11356
Trixie Mattel,12675
TROGDOR,14638
Troupe Master Grimm,12282
TruThought,11965
Tsubomi,11912
tu madre,11362
Tulsa,13784
TunakShakur,339
Turaco,13790
Turbo Granny,13356
Turbo King,760
Turby Anniversary 2025,14404
tushi,15217
Tutter,12478
tutuu,13945
Twice Shrunk,9563
TwiceAlt,9812
TwiceMeow,15624
TwiceSkrunk,9561
TwiceSkunk,9602
Ty4on,1069
ubermensch,1134
Ubertheinsomniac,12860
uchi mata,12592
unsheathmycrown,15389
Utsuho,15115
Vainilla,13556
Vandyfan402,8840
vanity.,5825
Vaporeon,9699
Variance,6328
velvetpaw,15664
Venti,9721
VICE,374
Vikuale2,11668
villabr0s,8526
Violet,2889
Visionary,12951
Visorslash,937
Vitamin,10749
Vivillon,13984
Void,11979
voiletmx12,10214
voiletmx12(at)gmail.co,14993
Vriska Serket,15455
Wadsworth,12298
Waffle Dodgers,14886
wakoim,11901
Waluigi,7697
wangalang,9743
Wants it less,10069
Wasp~,1651
wawavilly,14677
Wazanny,11972
wE DiD NoT BuS,12014
Webkinz,13770
Weedle,10389
Weird Al,10883
wheelyeah,13362
White Stork,13086
wiggles1993,586
William Williams Keen,9877
Windrunners,4377
Wingull,13378
WINNER ROBOT,7145
Winsy Tinsy,13935
Wirbelsee,15600
witch,11932
WizKvothe,7935
woebegone,14934
wolfboy,11900
WolfnodDotGif,3908
wow,12348
Wowee,2994
www.sage.gov,14903
Xander Bly,12166
Xanjori,9097
xmars,9578
xyaJi,13994
Yahboyboter,10209
yellow.,11535
yogsloth,787
Yokoshima Enaga,14342
Yone,15015
YoubutWorse,11855
yuan,12547
Zack,158
Zade,13965
Zarathustra,2647
zereffu,7528
Zero Poster,11354
Zharvakko,11851
Zodiac,15284
zombats,13338
Zugzwang,10565
